{"cameraMode":{"drawMode":0,"name":"Shaded","section":"Shading Mode"},"sceneLighting":false,"audioPlay":false,"sceneViewState":{"showFog":true,"showMaterialUpdate":false,"showSkybox":false,"showFlares":true,"showImageEffects":true,"showParticleSystems":true,"showVisualEffectGraphs":true,"m_FxEnabled":true},"in2DMode":false,"pivot":{"x":256.2510986328125,"y":23.43199920654297,"z":256.1520080566406},"rotation":{"x":-0.00004901622742181644,"y":0.9999068379402161,"z":-0.013499628752470017,"w":-0.003600846044719219},"size":0.8660253882408142,"orthographic":true}